Feed_rate_SLPM,Rinse_rate_SLPM,Pad_bar,Pde_bar,pred_R,pred_P,pred_V,obj,Productivity
5.697155833244324,1.3744707942008971,6.376569384336472,0.08086219429969788,89.65421646118165,86.938228225708,2.0329662120342253,-0.19619463427061778,28.369143594801113
3.849359942600131,1.9127080018632114,3.1502010520547628,0.11296776868402958,63.79988487243652,99.85316764831543,1.7407806456089019,1.7796470283759218,13.64035976643587
2.6235871594399214,1.117288313433528,5.083981984481216,0.06502024782821536,98.15886238098145,73.47745681762696,1.3354825401306152,-0.07301040710207435,14.30350330082615
6.728699389845133,1.5529404983855786,4.408414485491813,0.12822416480630636,62.445175666809085,96.36970878601075,1.8884538435935974,0.09929236628359149,23.337128918812734
7.390785183757544,0.9561289260163903,2.5032371535897253,0.1457053329795599,37.56629806518555,89.8291554260254,1.2178016233444213,-0.053856115359410525,15.420781618514413
3.250290682539344,1.7166135280393064,5.743860710971058,0.06062338361516595,95.66707252502441,85.89237556457519,1.9208997249603272,-0.11770489041724705,17.27038800477969
4.276761656627059,1.2158814758062364,3.8385642660781745,0.11111298780888318,83.04559646606445,88.71934883117676,1.3773295783996582,-0.06589586159768665,19.726455806552288
6.183360140770674,2.078968440461904,4.496004797518253,0.09462942807003855,52.65162956237793,99.99478416442871,2.1982311677932738,2.5701695881233437,18.082304009964208
5.957339049237063,1.5602680717937143,6.4,0.11997391657636079,83.73633972167968,91.5445157623291,2.140579005479813,-0.20685031676691001,27.706629563869765
6.136921748112271,1.7789074627317938,4.4065988785362205,0.11482563531786878,65.78510822296143,99.44578521728516,2.0570488786697387,2.0963036200334413,22.423096528417776
5.937189507552713,1.6183265665037603,5.287801986796694,0.12041769847795276,74.74461456298827,95.04033729553223,2.1837940227985384,-0.06935353252529547,24.647803634848845
6.4339706898198274,1.807548803878828,3.340080750201398,0.11020374157139429,46.67217021942139,99.98500679016114,1.7776068186759948,2.3913144424278743,16.6784036816755
6.388334368339114,2.1,6.4,0.09900639629460012,69.93305084228516,99.97229446411133,2.5614718532562257,3.4076454744197866,24.8134711267804
6.7112973062047745,1.7126190810135729,6.4,0.09816808068813661,79.54712936401367,95.64927993774414,2.367944668531418,-0.07121159851018902,29.65161806059875
8.0,1.9397107928513828,6.4,0.09555844309774575,65.3306983947754,99.67161819458008,2.5628192377090455,3.122642032745996,29.028506705036694
8.0,2.1,5.526202725337713,0.10425162106730719,45.917667922973635,99.98842666625977,2.4679739356040953,2.8103765482609546,20.402679964129764
8.0,2.1,6.4,0.08008163821423195,59.417409896850586,99.97568565368653,2.6202091646194456,3.60373566296154,26.401044592607263
8.0,1.7760107171214903,6.4,0.09151145045919709,70.640576171875,97.33321983337402,2.494466955661774,0.3563328774789205,31.387854246739817
8.0,2.1,6.4,0.09286996329333141,57.09427070617676,99.9762809753418,2.5816123270988465,3.454250945240914,25.368799978204034
8.0,1.8714654698006847,6.4,0.08601040413524523,68.80536773681641,98.95167922973633,2.5824839878082275,1.8065030072532922,30.572412782448065
8.0,2.0040688513662066,6.4,0.08683160205700528,64.83679901123047,99.91400535583496,2.597818353176117,3.7695359189388427,28.80905150374355
8.0,1.8463571464894277,6.4,0.07136945410319465,72.08095565795898,98.5672135925293,2.590891559123993,1.356405581848887,32.0278606540941
8.0,1.9560760901748055,6.4,0.06036077298615735,69.91540962219239,99.67605606079101,2.6717055869102477,3.369890712259051,31.06563968961802
6.1914122758878145,1.9298676966747164,4.438615128640257,0.15,48.28559562683105,99.97865119934082,1.9747891080379487,2.3261146289301835,16.604458777508754
7.283575775860128,2.043239110640219,5.821038422658725,0.05,66.45537574768066,99.94562492370605,2.64139475107193,3.6418772606166043,26.883893614850734
7.270130294809626,2.010304979690521,5.667328337869966,0.09111096935631395,61.422731742858886,99.9495858001709,2.5193696999549866,3.3678571320181443,24.802115708646678
5.605904192690546,1.8744205266605858,3.6107536991998694,0.05,71.66878814697266,99.92317344665527,2.020974040031433,3.071509729345628,22.314807237407905
4.443183722726012,2.1,3.8311168576364043,0.05,79.64219299316406,99.96080375671387,2.0505369305610657,2.778322957439816,19.654178176432954
3.610889840185723,2.1,2.5,0.05,74.09371467590331,99.77104782104492,1.9545663738250731,1.8346463899486949,14.859801747885896
7.4094436391361445,2.0694926269932057,6.4,0.15,54.548476715087894,99.96699768066406,2.427536950111389,3.020709963492996,22.448412469580713
8.0,1.907464634185961,6.4,0.05,73.06390747070313,99.41737915039063,2.684449212551117,2.859229266801662,32.464617400739456
8.0,1.8926599697261224,4.619322650342709,0.05,58.688658180236814,99.94932731628418,2.3875085663795472,3.596756168827033,26.077237031815574
8.0,2.0273094811533667,6.4,0.05,67.67303009033203,99.9320499420166,2.704772925376892,3.9993969930306723,30.069279159649295
6.995597246641514,1.8496816959390685,4.149332488321719,0.05,63.03203666687012,99.9477864074707,2.138640661239624,3.404702194669592,24.490832364749263
6.181347029980459,2.1,5.4460542198059345,0.05,71.346849899292,99.90680206298828,2.606177749633789,3.242049464286921,24.49488114755931
8.0,1.9942587615753535,5.545481027726091,0.05,60.485055465698245,99.954521484375,2.6263369941711425,3.6684536055370245,26.875433468210886
7.292171318429488,2.1,6.4,0.05,69.6355744934082,99.97189727783203,2.7058840656280516,3.8737213908154757,28.2036575916118
8.0,1.942346428649054,6.4,0.05,71.52520202636718,99.57778869628906,2.6904431271553038,3.1864993757163718,31.780921643530856
8.0,0.8,6.4,0.09706200616310233,74.10577270507812,86.63636421203613,1.798196141719818,-0.24593660922306487,32.92755125396484
8.0,1.7595687043815216,6.4,0.05,76.56591598510742,97.01377227783203,2.5732336688041686,0.2582950183701348,34.020671141772326
8.0,1.9866863906847443,6.4,0.05,69.72271850585938,99.83979095458984,2.700632781982422,3.8344831292039627,30.98002089937222
8.0,1.8357343952465746,6.4,0.05,74.86167068481446,98.21050659179687,2.6373358392715454,1.0165665068249101,33.26342076266819
7.475127805850395,2.05457374516211,6.4,0.05,70.56447227478027,99.93706787109375,2.7036116695404053,3.919212695992902,29.296930968448375
2.0,1.6650336393151155,2.5,0.05,86.4575001525879,95.98128051757813,1.615242495536804,0.04078487173190647,9.603954130853193
8.0,1.8712489296151933,6.4,0.05,74.00507263183594,98.81074394226074,2.6660044384002686,1.734189246084285,32.88280700932744
8.0,1.7713099868638695,3.88136315885332,0.05,57.3497887802124,99.85621421813966,2.0504874420166015,3.303910466779454,25.48233478355053
8.0,1.8892255147753692,6.4,0.05,73.66189361572266,99.17452415466309,2.6776268434524537,2.3564413057485303,32.73032165994277
8.0,2.0345708345254985,6.0648458060045165,0.09876967317631906,57.42355678558349,99.94802299499511,2.5446451616287233,3.4226034935750884,25.515112254037565
7.367182813771472,1.8394603260479943,4.159037291930925,0.12902216896900337,47.99177028656006,99.95395301818847,1.8877323389053344,2.7172704196702675,19.637474061680916
8.0,1.6537265160736272,2.831936221811932,0.05,45.41842926025391,99.92427803039551,1.9430671107769013,2.779308642686289,20.180852351319
7.235171395474933,1.7358578699414027,3.2617056497408607,0.05,54.25373756408691,99.88669815063477,1.981296330690384,2.912488247872308,21.80197781350209
8.0,1.1304041877909519,6.4,0.05,81.0624771118164,88.08896965026855,2.0846324658393858,-0.2581885661442662,36.018636233581574
8.0,1.3124211114524937,6.4,0.05,79.82710113525391,89.82871185302734,2.2336287832260133,-0.263447144099293,35.46971940428048
8.0,1.666768125825366,6.4,0.05,77.35365234375,95.71916633605957,2.4900470495224,-0.07419585857505145,34.37068745463155
2.0,0.8,2.5,0.15,82.59819793701172,79.518798828125,0.8578133583068848,-0.017543045465028925,9.175251457400007
8.0,1.5305607091705433,6.4,0.05,78.48277587890625,93.3583317565918,2.397314350605011,-0.24194437291936877,34.87239294556381
8.0,1.4340752111688393,6.4,0.05,79.00880508422851,91.93256088256835,2.3473886966705324,-0.26268539510603295,35.10612444834786
8.0,0.9979243088173353,6.4,0.05,81.70590209960938,87.25409698486328,2.0278267860412598,-0.25460585113503487,36.30453041550922
8.0,1.3747991943665832,6.4,0.05,79.31236114501954,90.91695587158203,2.298810088634491,-0.2652862751289394,35.24100405873836
8.0,1.2349304331266873,6.4,0.05,80.26463012695312,88.88365783691407,2.133752393722534,-0.2610539704378386,35.664127447991284
8.0,1.8585422085746022,3.4569680718231304,0.05,49.173060455322265,99.98942771911621,2.01039812207222,3.143378671974731,21.849154382354655
8.0,1.7991694350209744,6.4,0.05,76.12269271850586,97.61026924133301,2.61020406961441,0.5587946394371617,33.823732950653884
8.0,0.9697657912984282,5.574408097143321,0.05,76.78473709106446,88.0001383972168,1.9913967204093934,-0.20306182302162662,34.11790031729856
4.594246961756372,1.893639454001375,2.863955828138881,0.05,68.15027076721191,99.9243667602539,1.9685619950294495,2.408321736727441,17.389989903617263
5.625141482786756,1.972976625464514,4.092267501060945,0.05,69.47600334167481,99.98708076477051,2.1012801146507263,3.116877896436173,21.70629420069554
8.0,1.4810487333480882,6.4,0.05,78.62824493408203,92.56014770507812,2.3754198265075686,-0.2566710286907177,34.93702947245395
8.0,1.7945741373886632,3.3551028254181388,0.10146637307103563,40.002946033477784,99.9727808380127,1.8210574734210967,2.5130407340099135,17.774580950245838
2.9606079802693657,2.1,3.0948202716672206,0.05,84.69774139404296,97.62953384399414,1.8462744140625,0.3015019956342684,13.927402990904667
5.036448400421111,2.024403125929175,3.746066067465721,0.09076257768809329,61.59496543884277,99.98781524658203,1.9012033653259277,2.476615800746603,17.230068821114696
4.887616498213361,2.1,3.5218358014803317,0.05,71.971298828125,99.99441291809082,2.0462843108177187,2.8389136947650253,19.537719478625892
6.522192791622608,0.8,6.4,0.05,90.5937939453125,85.39627059936524,1.8203656053543091,-0.2075133397642455,32.81780175494856
8.0,2.0676033199851447,6.4,0.05,65.3736557006836,99.95544807434082,2.7072125339508055,3.9260545628369767,29.04759400202304
4.277157792423237,1.9999205673682614,2.9620151093351113,0.05,73.10224380493165,99.79412208557129,1.9857345640659332,2.174706374840529,17.36614357790884
8.0,1.5142616047980468,5.754659976968498,0.05,74.84401935577392,93.84138084411622,2.3690625071525573,-0.1855243850282209,33.25557771589239
8.0,1.9858830025187137,4.598054278884295,0.05,52.26501495361328,99.98779640197753,2.3837285017967225,3.28241233685991,23.22300808498838
5.4487814576372235,2.1,4.7202978976912675,0.08811844798033637,61.96197345733643,99.9940746307373,2.326254243850708,2.6700341092600497,18.75176009472051
4.6503214538117135,1.7233026058786425,2.799584175923519,0.05,69.58900951385498,99.88956756591797,1.9193191957473754,2.4278682191564944,17.973846856310725
8.0,1.9828675169672538,4.922814367414378,0.11339202327051727,45.37396522521973,99.985443649292,2.3632800722122194,2.8080330624773153,20.161095566670483
8.0,1.7544870620091624,3.1605272990053943,0.05,47.11282234191894,99.96469337463378,1.975352349281311,2.9635638195373177,20.933725076402478
6.610064891550046,2.04176818655811,6.4,0.05,80.03480186462403,99.75284828186035,2.68880184173584,3.41281811987505,29.383397108902443
8.0,2.0455306039030163,6.4,0.14836600586002105,53.420316467285154,99.95761085510254,2.4322739672660827,3.1687173753651763,23.736345284191575
5.441634093733396,2.003930923576049,5.131763605667071,0.05,79.9733532333374,99.45260848999024,2.5588243889808653,2.2513681249005004,24.17085700579549
5.319369899916572,2.1,4.034960655246154,0.05,70.4711173248291,99.99495681762696,2.0960867476463316,3.008463565781831,20.820385008804166
4.812425954194898,2.1,6.4,0.05,90.16310256958008,96.85699256896973,2.5442778277397156,0.13965855892189638,24.099626695729977
7.033316386908424,2.1,6.4,0.15,55.174904403686526,99.97741958618164,2.428157925605774,2.9243559878706837,21.553566854993175
4.948379128106473,1.827951941991899,3.3371327145898357,0.05,70.92897560119629,99.61466484069824,1.9689858949184418,2.116933313096694,19.494139132179523
6.341431589418673,1.689105152335628,2.8607545556212797,0.05,55.71677989959717,99.94502105712891,1.9423761796951293,2.756157700458073,19.62414426648909
6.834721158395763,1.9648432099068143,5.009166784782402,0.05,66.56697689056396,99.96455596923828,2.5749178600311278,3.5195918567566804,25.269522910889698
6.5745980466773135,2.1,5.577791829165722,0.08755690082694484,59.91853504180908,99.9647206878662,2.5149713492393495,3.000729388460421,21.880024323106827
6.494036523508138,1.972498061733145,5.069841940212744,0.10798976363558796,59.30563976287842,99.96126968383788,2.4055692028999327,2.953875938833101,21.390854293418442
8.0,1.9180136322915773,4.428487870616723,0.05,55.418777809143066,99.97880592346192,2.2900392746925355,3.477090463776688,24.6243252061469
6.8828451831436945,2.1,6.003089972059931,0.05,68.93984966278076,99.97700401306152,2.65857616186142,3.653560449063752,26.354558211258038
5.676435510011766,1.720194473211126,2.7804047933715017,0.05,59.33911659240723,99.97723083496093,1.933513082265854,2.697777157897186,18.708294253255016
7.5451795110403745,1.0799033103163207,6.4,0.05,83.2704800415039,87.37776428222656,2.031136153936386,-0.24403510731269673,34.89619318135412
8.0,2.005099555604847,6.4,0.05,68.98695831298828,99.91385139465332,2.7034950351715086,4.0239003060612495,30.65309924972144
6.819340884793572,2.1,6.4,0.05,73.944638671875,99.93573654174804,2.6983355045318604,3.7479679590065227,28.00699404064638
8.0,2.1,5.783223551046745,0.05,57.57479900360107,99.98257339477539,2.643272361755371,3.541889115824066,25.58231398075535
6.5180092958037115,1.9082663100542123,4.368735902498293,0.05,67.14791343688965,99.96794670104981,2.2571244931221006,3.427596903172875,24.30887748349905
6.193758349291949,2.018785196479353,4.77015571984968,0.05,66.97588134765626,99.989228515625,2.469864366054535,3.2800625768079135,23.04040463765136
8.0,0.8838021116249964,6.4,0.05,81.70590209960938,87.29501907348633,1.9650513529777527,-0.2514361791254986,36.30453041550922
